('diags', [])
int8_t , /usr/include/sys/_types/_int8_t.h , 30
int16_t , /usr/include/sys/_types/_int16_t.h , 30
int32_t , /usr/include/sys/_types/_int32_t.h , 30
int64_t , /usr/include/sys/_types/_int64_t.h , 30
uint8_t , /usr/include/_types/_uint8_t.h , 31
uint16_t , /usr/include/_types/_uint16_t.h , 31
uint32_t , /usr/include/_types/_uint32_t.h , 31
uint64_t , /usr/include/_types/_uint64_t.h , 31
int_least8_t , /usr/include/stdint.h , 29
int_least16_t , /usr/include/stdint.h , 30
int_least32_t , /usr/include/stdint.h , 31
int_least64_t , /usr/include/stdint.h , 32
uint_least8_t , /usr/include/stdint.h , 33
uint_least16_t , /usr/include/stdint.h , 34
uint_least32_t , /usr/include/stdint.h , 35
uint_least64_t , /usr/include/stdint.h , 36
int_fast8_t , /usr/include/stdint.h , 40
int_fast16_t , /usr/include/stdint.h , 41
int_fast32_t , /usr/include/stdint.h , 42
int_fast64_t , /usr/include/stdint.h , 43
uint_fast8_t , /usr/include/stdint.h , 44
uint_fast16_t , /usr/include/stdint.h , 45
uint_fast32_t , /usr/include/stdint.h , 46
uint_fast64_t , /usr/include/stdint.h , 47
__int8_t , /usr/include/i386/_types.h , 37
__uint8_t , /usr/include/i386/_types.h , 41
__int16_t , /usr/include/i386/_types.h , 42
__uint16_t , /usr/include/i386/_types.h , 43
__int32_t , /usr/include/i386/_types.h , 44
__uint32_t , /usr/include/i386/_types.h , 45
__int64_t , /usr/include/i386/_types.h , 46
__uint64_t , /usr/include/i386/_types.h , 47
__darwin_intptr_t , /usr/include/i386/_types.h , 49
__darwin_natural_t , /usr/include/i386/_types.h , 50
__darwin_ct_rune_t , /usr/include/i386/_types.h , 70
__mbstate_t , /usr/include/i386/_types.h , 79
__darwin_mbstate_t , /usr/include/i386/_types.h , 81
__darwin_ptrdiff_t , /usr/include/i386/_types.h , 84
__darwin_size_t , /usr/include/i386/_types.h , 92
__darwin_va_list , /usr/include/i386/_types.h , 98
__darwin_wchar_t , /usr/include/i386/_types.h , 104
__darwin_rune_t , /usr/include/i386/_types.h , 109
__darwin_wint_t , /usr/include/i386/_types.h , 112
__darwin_clock_t , /usr/include/i386/_types.h , 117
__darwin_socklen_t , /usr/include/i386/_types.h , 118
__darwin_ssize_t , /usr/include/i386/_types.h , 119
__darwin_time_t , /usr/include/i386/_types.h , 120
__darwin_blkcnt_t , /usr/include/sys/_types.h , 55
__darwin_blksize_t , /usr/include/sys/_types.h , 56
__darwin_dev_t , /usr/include/sys/_types.h , 57
__darwin_fsblkcnt_t , /usr/include/sys/_types.h , 58
__darwin_fsfilcnt_t , /usr/include/sys/_types.h , 59
__darwin_gid_t , /usr/include/sys/_types.h , 60
__darwin_id_t , /usr/include/sys/_types.h , 61
__darwin_ino64_t , /usr/include/sys/_types.h , 62
__darwin_ino_t , /usr/include/sys/_types.h , 64
__darwin_mach_port_name_t , /usr/include/sys/_types.h , 68
__darwin_mach_port_t , /usr/include/sys/_types.h , 69
__darwin_mode_t , /usr/include/sys/_types.h , 70
__darwin_off_t , /usr/include/sys/_types.h , 71
__darwin_pid_t , /usr/include/sys/_types.h , 72
__darwin_sigset_t , /usr/include/sys/_types.h , 73
__darwin_suseconds_t , /usr/include/sys/_types.h , 74
__darwin_uid_t , /usr/include/sys/_types.h , 75
__darwin_useconds_t , /usr/include/sys/_types.h , 76
__darwin_uuid_t , /usr/include/sys/_types.h , 77
__darwin_uuid_string_t , /usr/include/sys/_types.h , 78
__darwin_pthread_attr_t , /usr/include/sys/_pthread/_pthread_types.h , 109
__darwin_pthread_cond_t , /usr/include/sys/_pthread/_pthread_types.h , 110
__darwin_pthread_condattr_t , /usr/include/sys/_pthread/_pthread_types.h , 111
__darwin_pthread_key_t , /usr/include/sys/_pthread/_pthread_types.h , 112
__darwin_pthread_mutex_t , /usr/include/sys/_pthread/_pthread_types.h , 113
__darwin_pthread_mutexattr_t , /usr/include/sys/_pthread/_pthread_types.h , 114
__darwin_pthread_once_t , /usr/include/sys/_pthread/_pthread_types.h , 115
__darwin_pthread_rwlock_t , /usr/include/sys/_pthread/_pthread_types.h , 116
__darwin_pthread_rwlockattr_t , /usr/include/sys/_pthread/_pthread_types.h , 117
__darwin_pthread_t , /usr/include/sys/_pthread/_pthread_types.h , 118
intptr_t , /usr/include/sys/_types/_intptr_t.h , 30
uintptr_t , /usr/include/sys/_types/_uintptr_t.h , 30
intmax_t , /usr/include/_types/_intmax_t.h , 32
uintmax_t , /usr/include/_types/_uintmax_t.h , 32
ptrdiff_t , /Library/Developer/CommandLineTools/usr/lib/clang/6.1.0/include/stddef.h , 47
size_t , /Library/Developer/CommandLineTools/usr/lib/clang/6.1.0/include/stddef.h , 58
rsize_t , /Library/Developer/CommandLineTools/usr/lib/clang/6.1.0/include/stddef.h , 72
wchar_t , /Library/Developer/CommandLineTools/usr/lib/clang/6.1.0/include/stddef.h , 86
char16 , ../include/internal/cef_string_types.h , 54
cef_string_wide_t , ../include/internal/cef_string_types.h , 71
cef_string_utf8_t , ../include/internal/cef_string_types.h , 77
cef_string_utf16_t , ../include/internal/cef_string_types.h , 83
cef_string_userfree_wide_t , ../include/internal/cef_string_types.h , 175
cef_string_userfree_utf8_t , ../include/internal/cef_string_types.h , 176
cef_string_userfree_utf16_t , ../include/internal/cef_string_types.h , 177
cef_char_t , ../include/internal/cef_string.h , 78
cef_string_userfree_t , ../include/internal/cef_string.h , 79
cef_string_t , ../include/internal/cef_string.h , 80
cef_string_list_t , ../include/internal/cef_string_list.h , 44
cef_string_map_t , ../include/internal/cef_string_map.h , 44
cef_string_multimap_t , ../include/internal/cef_string_multimap.h , 45
__darwin_nl_item , /usr/include/_types.h , 39
__darwin_wctrans_t , /usr/include/_types.h , 40
__darwin_wctype_t , /usr/include/_types.h , 42
clock_t , /usr/include/sys/_types/_clock_t.h , 30
time_t , /usr/include/sys/_types/_time_t.h , 30
cef_time_t , ../include/internal/cef_time.h , 54
cef_main_args_t , ../include/internal/cef_types_mac.h , 78
cef_window_info_t , ../include/internal/cef_types_mac.h , 124
int64 , ../include/internal/cef_types.h , 61
uint64 , ../include/internal/cef_types.h , 62
int32 , ../include/internal/cef_types.h , 69
uint32 , ../include/internal/cef_types.h , 76
cef_color_t , ../include/internal/cef_types.h , 91
cef_log_severity_t , ../include/internal/cef_types.h , 159
cef_state_t , ../include/internal/cef_types.h , 179
cef_settings_t , ../include/internal/cef_types.h , 385
cef_browser_settings_t , ../include/internal/cef_types.h , 567
cef_urlparts_t , ../include/internal/cef_types.h , 621
cef_cookie_t , ../include/internal/cef_types.h , 677
cef_termination_status_t , ../include/internal/cef_types.h , 697
cef_path_key_t , ../include/internal/cef_types.h , 733
cef_storage_type_t , ../include/internal/cef_types.h , 741
cef_errorcode_t , ../include/internal/cef_types.h , 797
cef_drag_operations_mask_t , ../include/internal/cef_types.h , 813
cef_v8_accesscontrol_t , ../include/internal/cef_types.h , 823
cef_v8_propertyattribute_t , ../include/internal/cef_types.h , 834
cef_postdataelement_type_t , ../include/internal/cef_types.h , 843
cef_resource_type_t , ../include/internal/cef_types.h , 929
cef_transition_type_t , ../include/internal/cef_types.h , 1030
cef_urlrequest_flags_t , ../include/internal/cef_types.h , 1073
cef_urlrequest_status_t , ../include/internal/cef_types.h , 1104
cef_point_t , ../include/internal/cef_types.h , 1112
cef_rect_t , ../include/internal/cef_types.h , 1122
cef_size_t , ../include/internal/cef_types.h , 1130
cef_process_id_t , ../include/internal/cef_types.h , 1144
cef_thread_id_t , ../include/internal/cef_types.h , 1196
cef_value_type_t , ../include/internal/cef_types.h , 1211
cef_jsdialog_type_t , ../include/internal/cef_types.h , 1220
cef_screen_info_t , ../include/internal/cef_types.h , 1276
cef_menu_id_t , ../include/internal/cef_types.h , 1319
cef_mouse_button_type_t , ../include/internal/cef_types.h , 1328
cef_mouse_event_t , ../include/internal/cef_types.h , 1349
cef_paint_element_type_t , ../include/internal/cef_types.h , 1357
cef_event_flags_t , ../include/internal/cef_types.h , 1377
cef_menu_item_type_t , ../include/internal/cef_types.h , 1389
cef_context_menu_type_flags_t , ../include/internal/cef_types.h , 1423
cef_context_menu_media_type_t , ../include/internal/cef_types.h , 1453
cef_context_menu_media_state_flags_t , ../include/internal/cef_types.h , 1470
cef_context_menu_edit_state_flags_t , ../include/internal/cef_types.h , 1485
cef_key_event_type_t , ../include/internal/cef_types.h , 1514
cef_key_event_t , ../include/internal/cef_types.h , 1567
cef_focus_source_t , ../include/internal/cef_types.h , 1581
cef_navigation_type_t , ../include/internal/cef_types.h , 1593
cef_xml_encoding_type_t , ../include/internal/cef_types.h , 1607
cef_xml_node_type_t , ../include/internal/cef_types.h , 1624
cef_popup_features_t , ../include/internal/cef_types.h , 1649
cef_dom_document_type_t , ../include/internal/cef_types.h , 1659
cef_dom_event_category_t , ../include/internal/cef_types.h , 1682
cef_dom_event_phase_t , ../include/internal/cef_types.h , 1692
cef_dom_node_type_t , ../include/internal/cef_types.h , 1708
cef_file_dialog_mode_t , ../include/internal/cef_types.h , 1729
cef_geoposition_error_code_t , ../include/internal/cef_types.h , 1739
cef_geoposition_t , ../include/internal/cef_types.h , 1797
cef_color_model_t , ../include/internal/cef_types.h , 1824
cef_duplex_mode_t , ../include/internal/cef_types.h , 1834
cef_page_range_t , ../include/internal/cef_types.h , 1842
cef_cursor_type_t , ../include/internal/cef_types.h , 1892
cef_cursor_info_t , ../include/internal/cef_types.h , 1904
cef_base_t , ../include/capi/cef_base_capi.h , 74
cef_command_line_t , ../include/capi/cef_command_line_capi.h , 194
cef_read_handler_t , ../include/capi/cef_stream_capi.h , 87
cef_stream_reader_t , ../include/capi/cef_stream_capi.h , 129
cef_write_handler_t , ../include/capi/cef_stream_capi.h , 190
cef_stream_writer_t , ../include/capi/cef_stream_capi.h , 232
cef_drag_data_t , ../include/capi/cef_drag_data_capi.h , 198
cef_domvisitor_t , ../include/capi/cef_dom_capi.h , 69
cef_domdocument_t , ../include/capi/cef_dom_capi.h , 181
cef_domnode_t , ../include/capi/cef_dom_capi.h , 346
cef_request_t , ../include/capi/cef_request_capi.h , 162
cef_post_data_t , ../include/capi/cef_request_capi.h , 214
cef_post_data_element_t , ../include/capi/cef_request_capi.h , 280
cef_string_visitor_t , ../include/capi/cef_string_visitor_capi.h , 62
cef_frame_t , ../include/capi/cef_frame_capi.h , 213
cef_navigation_entry_t , ../include/capi/cef_navigation_entry_capi.h , 127
cef_binary_value_t , ../include/capi/cef_values_capi.h , 87
cef_dictionary_value_t , ../include/capi/cef_values_capi.h , 276
cef_list_value_t , ../include/capi/cef_values_capi.h , 450
cef_process_message_t , ../include/capi/cef_process_message_capi.h , 88
cef_callback_t , ../include/capi/cef_callback_capi.h , 66
cef_completion_callback_t , ../include/capi/cef_callback_capi.h , 82
cef_cookie_manager_t , ../include/capi/cef_cookie_capi.h , 128
cef_cookie_visitor_t , ../include/capi/cef_cookie_capi.h , 169
cef_request_context_handler_t , ../include/capi/cef_request_context_handler_capi.h , 64
cef_request_context_t , ../include/capi/cef_request_context_capi.h , 86
cef_browser_t , ../include/capi/cef_browser_capi.h , 184
cef_run_file_dialog_callback_t , ../include/capi/cef_browser_capi.h , 205
cef_navigation_entry_visitor_t , ../include/capi/cef_browser_capi.h , 228
cef_browser_host_t , ../include/capi/cef_browser_capi.h , 583
cef_print_settings_t , ../include/capi/cef_print_settings_capi.h , 194
cef_print_dialog_callback_t , ../include/capi/cef_print_handler_capi.h , 69
cef_print_job_callback_t , ../include/capi/cef_print_handler_capi.h , 85
cef_print_handler_t , ../include/capi/cef_print_handler_capi.h , 127
cef_browser_process_handler_t , ../include/capi/cef_browser_process_handler_capi.h , 97
cef_load_handler_t , ../include/capi/cef_load_handler_capi.h , 105
cef_task_t , ../include/capi/cef_task_capi.h , 66
cef_task_runner_t , ../include/capi/cef_task_capi.h , 118
cef_v8context_t , ../include/capi/cef_v8_capi.h , 134
cef_v8handler_t , ../include/capi/cef_v8_capi.h , 175
cef_v8accessor_t , ../include/capi/cef_v8_capi.h , 211
cef_v8exception_t , ../include/capi/cef_v8_capi.h , 275
cef_v8value_t , ../include/capi/cef_v8_capi.h , 608
cef_v8stack_trace_t , ../include/capi/cef_v8_capi.h , 712
cef_v8stack_frame_t , ../include/capi/cef_v8_capi.h , 785
cef_render_process_handler_t , ../include/capi/cef_render_process_handler_capi.h , 170
cef_resource_bundle_handler_t , ../include/capi/cef_resource_bundle_handler_capi.h , 79
cef_response_t , ../include/capi/cef_response_capi.h , 117
cef_resource_handler_t , ../include/capi/cef_resource_handler_capi.h , 117
cef_scheme_registrar_t , ../include/capi/cef_scheme_capi.h , 112
cef_scheme_handler_factory_t , ../include/capi/cef_scheme_capi.h , 138
cef_app_t , ./../include/capi/cef_app_capi.h , 110
cef_menu_model_t , ../include/capi/cef_menu_model_capi.h , 381
cef_context_menu_handler_t , ../include/capi/cef_context_menu_handler_capi.h , 95
cef_context_menu_params_t , ../include/capi/cef_context_menu_handler_capi.h , 242
cef_file_dialog_callback_t , ../include/capi/cef_dialog_handler_capi.h , 70
cef_dialog_handler_t , ../include/capi/cef_dialog_handler_capi.h , 99
cef_display_handler_t , ../include/capi/cef_display_handler_capi.h , 98
cef_download_item_t , ../include/capi/cef_download_item_capi.h , 148
cef_before_download_callback_t , ../include/capi/cef_download_handler_capi.h , 67
cef_download_item_callback_t , ../include/capi/cef_download_handler_capi.h , 83
cef_download_handler_t , ../include/capi/cef_download_handler_capi.h , 120
cef_drag_handler_t , ../include/capi/cef_drag_handler_capi.h , 69
cef_focus_handler_t , ../include/capi/cef_focus_handler_capi.h , 83
cef_geolocation_callback_t , ../include/capi/cef_geolocation_handler_capi.h , 64
cef_geolocation_handler_t , ../include/capi/cef_geolocation_handler_capi.h , 99
cef_jsdialog_callback_t , ../include/capi/cef_jsdialog_handler_capi.h , 65
cef_jsdialog_handler_t , ../include/capi/cef_jsdialog_handler_capi.h , 126
cef_keyboard_handler_t , ../include/capi/cef_keyboard_handler_capi.h , 77
cef_life_span_handler_t , ../include/capi/cef_life_span_handler_capi.h , 164
cef_render_handler_t , ../include/capi/cef_render_handler_capi.h , 159
cef_auth_callback_t , ../include/capi/cef_auth_callback_capi.h , 68
cef_web_plugin_info_t , ../include/capi/cef_web_plugin_capi.h , 85
cef_web_plugin_info_visitor_t , ../include/capi/cef_web_plugin_capi.h , 106
cef_web_plugin_unstable_callback_t , ../include/capi/cef_web_plugin_capi.h , 127
cef_quota_callback_t , ../include/capi/cef_request_handler_capi.h , 74
cef_allow_certificate_error_callback_t , ../include/capi/cef_request_handler_capi.h , 93
cef_request_handler_t , ../include/capi/cef_request_handler_capi.h , 219
cef_client_t , ./../include/capi/cef_client_capi.h , 162
('nodes', None)
